{
  "data": [
    {
      "image": "images/img1.jfif",
      "hotelname": "Burger king",
      "foodname": "Pizzas",
      "ratings": 4.2,
      "timing": "41 mins",
      "price": 235,
      "discount": 50,
      "fdname":["burger chicken","burger cheese"],
      "pricing": "500"
    },
    {
      "image": "images/img2.jfif",
      "hotelname": "mcDonald's",
      "foodname": "North Indian",
      "ratings": 3.3,
      "timing": "35 mins",
      "price": 335,
      "discount": 56,
      "fdname":["roti pizza","parata pizza"],
      "pricing": "500"
    },
    {
      "image": "images/img3.jpg",
      "hotelname": "bawarchi",
      "foodname": "western",
      "ratings": 4.3,
      "timing": "33 mins",
      "price": 105,
      "discount": 40,
      "fdname":["dum biryani","fry biryani"],
      "pricing": "500"
    },
    {
      "image": "images/img4.jfif",
      "hotelname": "mehfil",
      "foodname": "Biryani",
      "ratings": 4.8,
      "timing": "49 mins",
      "price": 450,
      "discount": 70,
      "fdname":["roti pizza","parata pizza"],
      "pricing": "500"
    },
    {
      "image": "images/img3.jpg",
      "hotelname": "bawarchi",
      "foodname": "western",
      "ratings": 4.3,
      "timing": "33 mins",
      "price": 105,
      "discount": 40,
      "fdname":["dum biryani","fry biryani"],
      "pricing": "500"
    },
    {
      "image": "images/img4.jfif",
      "hotelname": "mehfil",
      "foodname": "Biryani",
      "ratings": 4.8,
      "timing": "49 mins",
      "price": 450,
      "discount": 70,
      "fdname":["dum biryani","fry biryani"],
      "pricing": "500"
    },
    {
      "image": "images/img1.jfif",
      "hotelname": "Burger king",
      "foodname": "Pizzas",
      "ratings": 4.2,
      "timing": "41 mins",
      "price": 235,
      "discount": 50,
      "fdname":["burger chicken","burger cheese"],
      "pricing": "500"
    },
    {
      "image": "images/img2.jfif",
      "hotelname": "mcDonald's",
      "foodname": "North Indian",
      "ratings": 3.3,
      "timing": "35 mins",
      "price": 335,
      "discount": 56,
      "fdname":["roti pizza","parata pizza"],
      "pricing": "500"
    }
   
   
  ]
  
}